QTD,DIA,HORARIO,LOCAL,MINISTERIAL,CONTATO LIDERES,ENDEREÇO,COORDENADOR
1,TERÇA,20H,JARDIM DA SERRA,CASAIS,VAVA 1199815-7587 GRACIELE 1198347-5457,"Rua João Copelli 166, Jardim da Serra",Pr. Kleber e Pra. Paula
2,QUINTA,19H30,MEDEIROS,LEGACY UP, ISADORA 41 99627-5660      AMIR 4199923-96968,"AV. FRANCISCO NOBRE, 455,MEDEIROS",Pr. Kleber e Pra. Paula
3,SEXTA,19H30,COLONIA,CASAIS,JADIEL 11971715508 MARIANE 11971790708,"RU NÉVIA SÁLVIA, 310, BLOCO A APTO 13 - MIRANTE DA COLONIA",Pr. Kleber e Pra. Paula
4,QUINTA,20H,MEDEIROS,CASAIS,ERICK 1197240-4649  FABIANA 1198301-2501,"Av Luiz Gonzaga Martins Guimarães , 440
Bloco 03 apto 122 
Cond terraço Vila Bella",Pr. Kleber e Pra. Paula
5,QUINTA,07H30,ONLINE,CRIE,ANGELA 11971444605,LINK NA BIO DO INSTAGRAM,Adelson e Elly
6,SEXTA,20H,CAXAMBU,CRIE,ALEX 11971601541 PRISCILA 971912786,"RUA CAPITÃO ALBERTO MENDES JR, 31, CONDOMINIO VALE AZUL- LOTE E 24/ CASA 111",Adelson e Elly
7,TERÇA,20H,IGREJA,HERO,ELIEZER 11997071284,"AV. PREF. LUIS LATORRE, 4880 - RETIRO",Eliezer
8,QUINTA,20H,VILA SUIÇA - FRANCISCO MORATO,GERAL,FERNANDA 11941630002 ANTONIO 11996090128,"Rua Azevedo Marques, 483 - Jardim Professor Francisco Morato",
9,SEXTA,20H,JARDIM PEROLA - ITUPEVA,GERAL,HEBER 1191281-1249 THALIA 1197450-7572,"RUA MARIA BETELLI DEBONI, 172, JD PEROL - ITUPEVA",Heber e Thalia
10,TERÇA,19H30,JARDIM SÃO VICENTE - ITUPEVA,GERAL,"Fernanda 11 95657-0990
Rodrigo 11 94489-0205","RUA ANTONIO POLI, 582- BAIRRO JARDIM SÃO VICENTE-ITUPEVA",Heber e Thalia
11,TERÇA,20H,IGREJA,LEGACY 50+,WALDIR 1199626-2078 BIA 11996267098,"AV. PREF. LUIS LATORRE, 4880 - RETIRO",Pr. Valdir e Pra. Bia
12,SEXTA,20H,CENTRO 1,GERAL,GUTÃO 11995270813 CLICIA 995558121,"RUA GENERAL OSÓRIO,123, CENTRO",Pr. Erick e Pra.Annie
13,QUINTA,20H,ONLINE,GERAL - AMIGOS,ALEXANDRE 11941679845 JULIANA 11972889217,MEET,Heber e Thalia
14,TERÇA,20H,ELOY CHAVES,GERAL,BRUNO 11933490020 LARISSA 11984588338,"RUA CHIARA LUBICH 371, JARDIM ERMIDA TORRE YPE APTO 62- CONDOMINIO ATMOSPHERA",Pr. Erick e Pra.Annie
15,SEXTA,20H,LATORRE,GERAL,GISLAINE 1194790-2824 REGINALDO 11989218413,"Avenida Prefeito Luiz Latorre, números 4871 / 4880, no bairro Retiro ",
16,SEXTA,20H,ENGORDADOURO 2,GERAL,ROGERIO 11964542597 THAIS 995389502,"AV CAETANO GORNATI, 1101, CASA 207, CONDOMINIO VINTAGE, ENGORDADOURO",Rogerio e Thais
17,QUINTA,20H,PARQUE DA REPRESA,GERAL,PATRICIA 11973119785  DIRCEU 13 981113170,"RUA GILDA BISUTI SCHIAVO, 46, PARQUE DA REPRESA",Rogerio e Thais
18,SEXTA,20H,ENGORDAOURO 1,GERAL,PRISCILA 11988318601 FELIPE 11999116254,"AV CAETANO GORNATI, 1101, CASA 418, CONDOMINIO VINTAGE, ENGORDADOURO",Rogerio e Thais
19,SABADO,17H,VILA MARIA LUIZA,ROCKETS,MALU 11994021121 JOAO 11993915819,"RUA PROFESSORA ESCOLASTICA DE T.PONTES, 173 (PROXIMO A IGREJA)",Pr. Vitor e Pra. Julia
20,TERÇA,18H30,HORTOLANDIA,ROCKETS,THAIS 11910024469 MIGUEL 1195927739,RUA ANTONIO MAXIMILIANO DE ALMEIDA 231,Pr. Vitor e Pra. Julia
21,QUINTA,20H,ONLINE,SUNFLOWER,ELIANE 11992742883,MEET,Cassia
22,SEXTA,20H,SANTA TEREZINHA - VARZEA PAULISTA,GERAL,KAIQUE 11933367619 YASMIN 11972730220,"AV BRASIL, 345, VILA SANTA TEREZINHA- VARZEA PAULISTA",Kaique e Yasmin
23,QUINTA,19H30,CABREUVA,GERAL,ANA CLAUDIA 11920190510,"RUA BELO HORIZONT 72, JACARÉ - CABREUVA",Heber e Thalia
24,QUINTA,20H,FAZENDA GRANDE,GERAL,VANESSA 11988079634 JHONATA 11997617772,"RUA BENEDITO LINO DE SOUZA, 66, FAZENDA GRANDE",Pr. Erick e Pra.Annie
25,TERÇA,20H,CENTRO 2,GERAL,YASMIN 11972730220 KAIQUE 11933367619,"RUA BARÃO DE JUNDIAI, 231, CENTRO",Kaique e Yasmin
26,SEXTA,20H,JD. PAULISTA,LEGACY,DANIEL 11957783465  11992233293,RUA ARMANDO GOLAFERRI 210 JD PAULISTA,Wesley e Nicoly
27,SEXTA,19H30,VILA RAMI,GERAL,EMERSON 11976988215  SHEILA 11976991049,"RUA JOÃO RAMALHO 261, VILA MAFALDA, JUNDIAI",Kaique e Yasmin
28,SEGUNDA,19H30,BOLÃO ESPORTES,LEGACY,YEDA 1195038-1778   GUILHERME 1194839-2740  RYAN 11955565243,GINASIO BOLÃO,Wesley e Nicoly
29,SEXTA,20H,RESIDENCIAL,LEGACY,ARIADNE 1198429-7667  GUSTAVO 1197317-9464,AV PRESBITERO MANOEL ANTONIO DIAS FILHO Nº 490 RESIDENCIAL JUNDIAI 1,Wesley e Nicoly
30,QUINTA,19H30,GC MEDEIROS,GERAL,DOUGLAS 1194547-7765  JOYCE 1198801-6858,"RUA JUVENAL ARANTES 990, TORRE B, AP 133, MEDEIROS - JUNDIAI",
31,QUINTA,19H,BOLÃO RUN GIRLS,LEGACY ,MARCELA 63-9114-2884  ROBERTA 11 99415-2484,GINASIO BOLÃO,Wesley e Nicoly
32,QUINTA,20H,JD TAMOIO,SHINE,SARITA 1198862-1414,"RUA JOÃO VICTOR ATISANI 100, PORTAL DO PACAEMBU BLOCO C APTO 74, JARDIM TAMOIO- JUNDIAI",Magda
33,SEXTA,19H30,JD ANA MARIA,DEPOIS DO SIM,"
11986023655 Laihany - 
11984302073 Kauã",Rua barão de teffe 519 - Jd Ana Maria ,Pr. Kleber e Pra.Paula
34,SABADO,09H,ONLINE,MAMÃE SHINE,Pra. Andressa 1198100-6459,MEET,Magda
35,SEGUNDA,19H30,VILA ARENS,CASAIS,"Ricardo 11 94799-9966
Vanessa 11 98551-1890","Rua Visconde de Taunay, 176
Apto 52 - Vila Arens",Pr. Kleber e Pra.Paula
